유형,번호/ID,주제/명칭,구분/카테고리,지역,문제(질문/지문),보기 1 (정답),보기 2,보기 3,보기 4,정답 번호,정답 내용,해설 / 힌트
말판 기본문제,1번,1번. 피오르 해안,지형 퀴즈,북유럽 노르웨이,빙하의 침식으로 만들어진 골짜기에 빙하가 없어진 후 바닷물이 들어와서 생긴 좁고 깊은 해안을 무엇이라고 하나요?,피오르 (피오르드) 해안,리아스식 해안,산호초 해안,모래사장 (사빈),1,피오르 (피오르드) 해안,노르웨이 등 고위도 지역에서 빙하가 깎아 만든 U자곡에 바닷물이 유입되어 형성된 해안을 피오르(Fiord)라고 합니다.
말판 기본문제,2번,2번. 지중해 가옥,기후/문화,남유럽 지중해,[ _____ ] 주변 지역에는 여름철 뜨거운 햇볕을 막으려고 벽을 흰색으로 칠하고 창문을 작게 낸 가옥이 많습니다. 빈칸에 들어갈 바다는?,지중해,북극해,발트해,홍해,1,지중해,지중해 연안(그리스 산토리니 등)은 여름이 맑고 햇볕이 매우 강하기 때문에 빛을 반사하는 흰색 벽 가옥이 발달했습니다.
말판 기본문제,3번,3번. 히말라야 산맥,지형 퀴즈,남아시아/중앙아시아,"인도와 네팔, 중국 등에 걸쳐 있는 산맥으로, 세계에서 가장 높은 에베레스트산(8,848m)이 있는 산맥은 무엇인가요?",히말라야 산맥,알프스 산맥,안데스 산맥,로키 산맥,1,히말라야 산맥,"대륙판끼리 충돌하여 솟아오른 세계의 지붕, 히말라야 산맥입니다."
말판 기본문제,4번,4번. 냉대 기후 산업,기후/산업,시베리아/캐나다,캐나다와 러시아 등 침엽수가 울창한 냉대 기후 지역(타이가)에서 주로 발달한 대표적인 산업은 무엇인가요?,임업 (목재·펄프 산업),벼농사,목화 재배,열대 과일 농업,1,임업 (목재·펄프 산업),"넓은 침엽수림을 바탕으로 목재, 종이 펄프, 가구 등을 만드는 임업이 크게 발달했습니다."
말판 기본문제,5번,5번. 툰드라 순록 유목,기후/생활,북아메리카/북극권,한대 기후(툰드라) 지역에서는 여름철 짧은 기간 동안 풀과 이끼를 찾아다니며 순록을 기르는 [ _____ ] 생활을 합니다. 빈칸은?,유목 (이동 목축),정착 농경,기업적 곡물 농업,플랜테이션,1,유목 (이동 목축),"작물이 자라기 힘든 극한의 환경에서 순록 떼를 몰고 이동하며 젖과 털, 고기를 얻는 유목 생활을 합니다."
말판 기본문제,6번,6번. 아마존강,지형 퀴즈,남아메리카 브라질,"브라질, 페루 등에 걸쳐 흐르는 하천으로, 전 세계 열대 우림을 적시며 세계에서 가장 유량이 많은 하천은 무엇인가요?",아마존강,나일강,양쯔강,미시시피강,1,아마존강,"나일강이 가장 긴 강이라면, 아마존강은 전 세계 하천 유량의 약 20%를 차지할 정도로 가장 물이 풍부한 강입니다."
말판 기본문제,7번,7번. 안데스 폰초,의생활 문화,남아메리카 안데스,남아메리카 안데스 고산 지대에 사는 원주민들이 일교차가 크고 쌀쌀한 날씨를 막기 위해 입는 망토 모양의 전통 옷은 무엇인가요?,폰초 (판초),사리,기모노,한복,1,폰초 (판초),라마나 알파카의 털로 짠 두꺼운 천 가운데에 머리를 넣는 구멍을 뚫어 망토처럼 두르는 옷입니다.
말판 기본문제,8번,8번. 산호초 해안,지형/생태,오세아니아/호주,따뜻한 열대 기후 지역의 얕고 깨끗한 바닷속에 산호충의 석회질 껍데기가 쌓여 형성된 화려한 암초 해안은 무엇인가요?,산호초 (대보초) 해안,갯벌 해안,피오르 해안,모래 언덕 해안,1,산호초 (대보초) 해안,호주의 그레이트 배리어 리프(대보초)처럼 산호들이 오랜 세월 군락을 이루며 만든 신비한 해안 지형입니다.
말판 기본문제,9번,9번. 수상 가옥,주생활 문화,동남아시아/하천,동남아시아나 아마존 등 하천이나 호숫가 주변에서 물 위에 나무 기둥을 세우거나 뗏목 형태로 지은 가옥을 무엇이라고 하나요?,수상 가옥,이글루,게르,동굴 가옥,1,수상 가옥,홍수 피해를 막고 물 위에서 물고기를 잡거나 배를 교통수단으로 활용하기 위해 지은 가옥입니다.
말판 기본문제,10번,10번. 사파리 투어,기후/문화,아프리카 세렝게티,"열대 사바나(우기와 건기가 뚜렷한 초원) 지역에서 지프차를 타고 다니며 사자, 기린, 코끼리 등 야생 동물을 관찰하는 여행은?",사파리 (사파리 투어),스노클링 투어,빙하 트래킹,오로라 관측 투어,1,사파리 (사파리 투어),사바나 초원에 서식하는 다양한 초식동물과 맹수를 자연 그대로 관찰하는 대표적인 관광 활동입니다.
말판 기본문제,11번,11번. 사하라 사막,지형 퀴즈,북부 아프리카,"세계에서 가장 면적이 넓은 열대 건조 사막으로, 아프리카 북부 대부분을 차지하고 있는 사막은 무엇인가요?",사하라 사막,고비 사막,아타카마 사막,빅토리아 사막,1,사하라 사막,미국 본토 면적에 맞먹는 약 900만 ㎢의 광활한 면적을 자랑하는 세계 최대의 열대 사막입니다.
말판 기본문제,12번,12번. 오아시스 농업,건조 기후 농업,서남아시아/중동,비가 거의 내리지 않는 건조 기후 지역에서 오아시스나 외래 하천의 물을 끌어들여 대추야자와 밀 등을 재배하는 농업은 무엇인가요?,오아시스 (관개) 농업,화전 농업,수목 농업,낙농업,1,오아시스 (관개) 농업,사막 한가운데 솟아나는 오아시스나 주변 산지에서 흘러오는 지하수를 이용하여 생명수를 공급하는 농업입니다.
기후 카드 미션,c1,열대 우림 (밀림/정글),기후/생활 미션,세계 기후대,연중 기온이 높고 강수량이 많아 키 큰 나무들이 빽빽하게 우거진 숲입니다.,열대 우림 (밀림),온대 활엽수림,냉대 타이가 침엽수림,사바나 초원,1,열대 우림 (밀림),적도 부근으로 키가 큰 상록활엽수가 울창하게 숲을 이룹니다.
기후 카드 미션,c2,열대 기후 고상 가옥,기후/생활 미션,세계 기후대,지면의 열기와 습기를 피하고 통풍을 원활하게 하기 위해 바닥을 높게 띄워 지은 가옥입니다.,열대 기후 고상 가옥,사막 흙벽돌집,한대 기후 이글루,지중해식 흰벽 가옥,1,열대 기후 고상 가옥,"지면에서 올라오는 습기, 해충, 열기를 막기 위해 기둥 위에 집을 짓습니다."
기후 카드 미션,c3,사막 흙벽돌 가옥 (카스바),기후/생활 미션,세계 기후대,건조 기후 지역에서 뜨거운 햇볕과 모래바람을 막기 위해 벽을 두껍게 하고 창문을 작게 낸 흙벽돌 가옥입니다.,사막 건조 흙벽돌 가옥,열대 고상 가옥,유목민 텐트(게르),툰드라 목조 가옥,1,사막 건조 흙벽돌 가옥,주변에서 구하기 쉬운 진흙을 햇볕에 말려 벽을 두껍게 만듭니다.
기후 카드 미션,c4,게르 (초원 유목민 이동식 가옥),기후/생활 미션,세계 기후대,몽골 등 건조 스텝 초원 지대에서 풀을 찾아 가축을 몰고 이동하기 위해 조립과 해체가 쉽게 만든 이동식 천막입니다.,게르 (이동식 천막 가옥),이글루,수상 가옥,고상 가옥,1,게르 (이동식 천막 가옥),가축의 가죽과 펠트로 덮은 둥근 형태의 몽골 전통 가옥입니다.
기후 카드 미션,c5,지중해성 기후 올리브 농업,기후/생활 미션,세계 기후대,"여름이 덥고 건조한 지중해 연안에서 가뭄을 잘 견디는 올리브, 코르크, 포도 등을 재배하는 수목 농업입니다.",지중해성 수목 농업 (올리브),열대 플랜테이션 (고무),냉대 임업 (목재),벼농사,1,지중해성 수목 농업 (올리브),여름철 건조한 기후에 잎이 두껍고 단단한 나무를 재배합니다.
기후 카드 미션,c6,냉대 타이가 침엽수림,기후/생활 미션,세계 기후대,"러시아 시베리아와 캐나다 등 냉대 기후 지역에 넓게 펼쳐진 가문비나무, 소나무 등 침엽수림 지대입니다.",냉대 타이가 (침엽수림),열대 우림,지중해 관목림,사바나 초원,1,냉대 타이가 (침엽수림),추운 겨울을 견디기 위해 잎이 바늘 모양인 침엽수로 가득한 숲입니다.
기후 카드 미션,c7,이글루 (한대 기후 얼음집),기후/생활 미션,세계 기후대,극지방의 이누이트족이 겨울철 사냥 중에 눈과 얼음 벽돌을 둥글게 쌓아 임시로 거처하던 집입니다.,이글루 (눈과 얼음집),고상 가옥,황토 굴집,게르,1,이글루 (눈과 얼음집),눈 블록을 나선형으로 돔 형태로 쌓아 만듭니다.
기후 카드 미션,c8,안데스 고산 도시 (라파스),기후/생활 미션,세계 기후대,열대 지역이지만 해발고도가 높아 1년 내내 봄과 같은 온화한 기후(상춘 기후)가 나타나는 고산 지대 도시입니다.,고산 기후 도시 (라파스),해안 무역항,사막 오아시스 도시,극지방 빙설 기지,1,고산 기후 도시 (라파스),"해발 3,000m 이상의 높은 산지에 형성된 대도시입니다."
지형 카드 미션,t1,혼 / 호른 (빙하 침식 뾰족봉),지형/경관 미션,세계 주요 지형,여러 빙하의 침식 작용으로 산봉우리가 깎여 만들어진 뾰족한 피라미드 모양의 봉우리(예: 마터호른)입니다.,혼 / 호른 (빙하 침식 봉우리),화산 분화구,석회암 카르스트 탑,사막 모래 언덕,1,혼 / 호른 (빙하 침식 봉우리),스위스 마터호른처럼 빙하가 사방에서 깎아내어 뾰족해진 봉우리입니다.
지형 카드 미션,t2,대협곡 (그랜드 캐니언),지형/경관 미션,세계 주요 지형,오랜 세월 하천의 깊은 침식과 풍화 작용으로 깎여 형성된 웅장한 계곡 지형입니다.,대협곡 (그랜드 캐니언),화산 칼데라,빙하 유자곡,해안 절벽,1,대협곡 (그랜드 캐니언),강물이 단단한 지층을 수백만 년 동안 깊게 깎아 만든 거대한 계곡입니다.
지형 카드 미션,t3,화산 및 용암 분출 지형,지형/경관 미션,세계 주요 지형,지하 마그마가 지표면을 뚫고 분출하여 용암이 흘러내리며 형성된 화산 지형입니다.,화산 및 용암 지형,빙하 지형,카르스트 지형,풍식 지형,1,화산 및 용암 지형,지구 내부의 뜨거운 마그마와 가스가 뿜어져 나오는 지형입니다.
지형 카드 미션,t4,하천 곡류 및 범람원/삼각주,지형/경관 미션,세계 주요 지형,강물이 굽이쳐 흐르며 퇴적물이 쌓여 만들어진 넓은 평야와 농경지 지형입니다.,하천 곡류 및 충적 평야,사막 오아시스,해안 사구,빙하 퇴석구,1,하천 곡류 및 충적 평야,강 하류 주변에 흙과 모래가 쌓여 비옥한 농토를 이루는 지형입니다.
지형 카드 미션,t5,갯벌 (조간대 해안 지형),지형/경관 미션,세계 주요 지형,밀물과 썰물의 차이로 인해 물이 빠졌을 때 넓게 드러나는 고운 펄과 모래로 이루어진 해안 지형입니다.,갯벌 (해안 조간대),산호초 해안,피오르 해안,사막 염호,1,갯벌 (해안 조간대),조석 간만의 차가 큰 서해안 등에서 넓게 발달하는 생태계의 보고입니다.
지형 카드 미션,t6,사구 / 바르한 (사막 모래언덕),지형/경관 미션,세계 주요 지형,바람에 날린 모래가 쌓여 만들어진 초승달 모양이나 물결 모양의 거대한 모래 언덕입니다.,사구 / 모래언덕 (바르한),빙하 언덕 (모레인),석회암 돌리네,화산 쇄설구,1,사구 / 모래언덕 (바르한),사막에서 바람에 의해 모래가 이동하고 쌓여 파도처럼 굴곡진 언덕입니다.
지형 카드 미션,t7,대평원 / 초원 (스텝·사바나),지형/경관 미션,세계 주요 지형,나무가 거의 없고 끝없이 풀이 자라는 완만한 구릉과 넓은 평원 지형입니다.,대평원 / 초원 지대,고산 툰드라,열대 밀림,빙설 지대,1,대평원 / 초원 지대,야생 동물이나 유목민들의 가축이 자유롭게 풀을 뜯는 끝없는 벌판입니다.
지형 카드 미션,t8,빙하 및 빙벽 (피오르드/빙설),지형/경관 미션,세계 주요 지형,오랜 시간 쌓인 눈이 단단한 얼음이 되어 천천히 흐르며 거대한 빙벽과 계곡을 만든 빙하 지형입니다.,빙하 및 빙벽 지형,석회동굴 종유석,해안 파식대,단층 절벽,1,빙하 및 빙벽 지형,푸른빛을 띠는 거대한 얼음 덩어리가 바다나 호수로 흘러내리는 장관입니다.
