구분,번호/ID,문제/카드명,카테고리,지역/특징,문제 내용 (질문),대표 정답 (단답형),인정 정답(유사어),초성 힌트,상세 해설/설명
말판 단답형문제,1번,1번. 피오르 해안,지형 퀴즈,북유럽 노르웨이,빙하의 침식으로 만들어진 골짜기에 빙하가 없어진 후 바닷물이 들어와서 생긴 해안을 무엇이라고 하나요? (○○ ○○),피오르 해안,"피오르 해안, 피오르, 피오르드, 피오르드 해안",ㅍㅇㄹ ㅎㅇ,노르웨이 등 고위도 지역에서 빙하가 깎아 만든 U자곡에 바닷물이 유입되어 형성된 해안을 피오르(Fiord)라고 합니다.
말판 단답형문제,2번,2번. 지중해 가옥,기후/문화,남유럽 지중해,[ _____ ] 주변 지역에는 여름철 뜨거운 햇볕을 막으려고 벽을 흰색으로 칠하는 가옥이 많습니다. 빈칸에 들어갈 바다는 어디인가요? (○○○),지중해,"지중해, 지중해 주변, 지중해성",ㅈㅈㅎ,지중해 연안(그리스 산토리니 등)은 여름이 맑고 햇볕이 매우 강하기 때문에 빛을 반사하는 흰색 벽 가옥이 발달했습니다.
말판 단답형문제,3번,3번. 히말라야산맥,지형 퀴즈,남아시아/중앙아시아,"인도와 네팔, 중국 등에 걸쳐 있는 산맥으로, 세계에서 가장 높은 에베레스트산이 있는 산맥은 무엇인가요? (○○○○○)",히말라야산맥,"히말라야산맥, 히말라야 산맥, 히말라야",ㅎㅁㄹㅇㅅㅁ,대륙판끼리 충돌하여 솟아오른 세계의 지붕이자 에베레스트산이 있는 히말라야산맥입니다.
말판 단답형문제,4번,4번. 냉대 기후 산업,기후/산업,시베리아/캐나다,"캐나다와 러시아 등 침엽수가 많은 냉대 기후 지역에서 주로 발달한 산업에는 무엇이 있나요? (○○, ○○ ○○)","임업, 펄프 공업","임업, 펄프 공업, 임업 펄프 공업, 임업과 펄프 공업, 임업, 펄프","ㅇㅇ, ㅍㅍ ㄱㅇ",냉대 타이가 침엽수림의 풍부한 목재를 바탕으로 임업과 펄프·종이 가공 공업이 크게 발달했습니다.
말판 단답형문제,5번,5번. 툰드라 순록 유목,기후/생활,북아메리카/북극권,한대 기후 지역에서는 여름에 풀과 이끼를 찾아다니며 순록을 기르는 [ _____ ] 생활을 하기도 합니다. 빈칸에 들어갈 말은 무엇인가요? (○○),유목,"유목, 유목 생활, 이동 목축, 순록 유목",ㅇㅁ,"작물이 자라기 힘든 극한의 환경에서 순록 떼를 몰고 이동하며 젖과 털, 고기를 얻는 유목 생활을 합니다."
말판 단답형문제,6번,6번. 아마존강,지형 퀴즈,남아메리카 브라질,"브라질, 페루 등에 걸쳐 흐르는 하천으로, 세계에서 가장 유량이 많은 하천은 무엇인가요? (○○○)",아마존강,"아마존강, 아마존 강, 아마존",ㅇㅁㅈㄱ,아마존강은 전 세계 하천 유량의 약 20%를 차지할 정도로 가장 물이 풍부하고 유역 면적이 넓은 하천입니다.
말판 단답형문제,7번,7번. 안데스 판초,의생활 문화,남아메리카 안데스,남아메리카 적도 주변의 고산 지역에 사는 사람들이 추위를 막으려고 입는 망토와 같은 옷을 무엇이라고 하나요? (○○),판초,"판초, 폰초, 안데스 판초",ㅍㅊ,라마나 알파카의 털로 짠 두꺼운 천 가운데에 머리를 넣는 구멍을 뚫어 망토처럼 두르는 안데스 고산 지대의 전통 옷입니다.
말판 단답형문제,8번,8번. 산호초 해안,지형/생태,오세아니아/호주,따뜻한 기후 지역의 얕은 바닷속에 사는 산호와 산호충의 뼈 등이 쌓여 이루어진 암초 해안을 무엇이라고 하나요? (○○○ ○○),산호초 해안,"산호초 해안, 산호초, 대보초, 그레이트 배리어 리프",ㅅㅎㅊ ㅎㅇ,호주의 그레이트 배리어 리프(대보초)처럼 산호들이 오랜 세월 군락을 이루며 만든 신비한 해안 지형입니다.
말판 단답형문제,9번,9번. 수상 가옥,주생활 문화,동남아시아/하천,하천 주변 지역에서 물 위에 지은 가옥을 무엇이라고 하나요? (○○ ○○),수상 가옥,"수상 가옥, 수상가옥, 수상집",ㅅㅅ ㄱㅇ,홍수 피해를 막고 물 위에서 물고기를 잡거나 배를 교통수단으로 활용하기 위해 물 위에 나무 기둥을 세워 지은 가옥입니다.
말판 단답형문제,10번,10번. 사파리,기후/문화,아프리카 세렝게티,열대 사바나 기후 지역에서 차를 타고 다니면서 야생 동물을 관찰하는 여행을 무엇이라고 하나요? (○○○),사파리,"사파리, 사파리 여행, 사파리 투어",ㅅㅍㄹ,사바나 초원에 서식하는 다양한 초식동물과 맹수를 지프차 등을 타고 자연 그대로 관찰하는 대표적인 관광 여행입니다.
말판 단답형문제,11번,11번. 사하라 사막,지형 퀴즈,북부 아프리카,"세계에서 가장 면적이 넓은 사막으로, 아프리카의 북부에 있는 사막은 무엇인가요? (○○○ ○○)",사하라 사막,"사하라 사막, 사하라",ㅅㅎㄹ ㅅㅁ,미국 본토 면적에 맞먹는 약 900만 ㎢의 광활한 면적을 자랑하는 세계 최대의 열대 사막입니다.
말판 단답형문제,12번,12번. 오아시스 농업,건조 기후 농업,서남아시아/중동,건조 기후 지역에서 오아시스나 하천의 물을 이용하여 대추야자 및 밀 등을 재배하는 농업을 무엇이라고 하나요? (○○○○ ○○),오아시스 농업,"오아시스 농업, 오아시스, 관개 농업",ㅇㅇㅅㅅ ㄴㅇ,사막 한가운데 솟아나는 오아시스나 주변 산지에서 흘러오는 지하수를 이용하여 대추야자와 곡물을 재배하는 농업입니다.
기후 카드 미션,c1,1. 열대 (열대 우림/밀림),기후/문화,세계 기후,위 사진이 나타내는 기후는 무엇일까요? (○○),열대,"열대, 열대 기후, 열대 우림, 밀림, 정글",ㅇㄷ,적도 부근으로 1년 내내 덥고 비가 많이 내리는 기후입니다.
기후 카드 미션,c2,2. 열대 (고상 가옥),기후/문화,세계 기후,위 사진의 고상 가옥이 주로 발달한 기후는 무엇일까요? (○○),열대,"열대, 열대 기후, 고상 가옥",ㅇㄷ,지면에서 올라오는 습기와 열기를 막기 위해 바닥을 띄워 집을 짓는 기후입니다.
기후 카드 미션,c3,3. 건조 (흙벽돌 가옥),기후/문화,세계 기후,위 사진의 흙벽돌 가옥이 주로 발달한 기후는 무엇일까요? (○○),건조,"건조, 건조 기후, 사막 기후, 사막",ㄱㅈ,비가 거의 오지 않고 햇볕이 뜨거워 흙벽돌로 두껍게 집을 짓는 기후입니다.
기후 카드 미션,c4,4. 건조 (게르/초원 유목),기후/문화,세계 기후,위 사진의 이동식 천막(게르)이 주로 발달한 기후는 무엇일까요? (○○),건조,"건조, 건조 기후, 스텝 기후, 스텝, 게르",ㄱㅈ,비가 적게 내려 나무는 잘 자라지 않고 풀이 자라는 초원에서 유목을 하는 기후입니다.
기후 카드 미션,c5,5. 온대 (지중해성 올리브 농업),기후/문화,세계 기후,위 사진의 올리브 농업이 주로 발달한 기후는 무엇일까요? (○○),온대,"온대, 온대 기후, 지중해성 기후, 지중해성",ㅇㄷ,사계절이 비교적 뚜렷하며 지중해 연안처럼 여름철 건조한 기후에 올리브를 재배합니다.
기후 카드 미션,c6,6. 냉대 (타이가 침엽수림),기후/문화,세계 기후,위 사진의 침엽수림(타이가)이 넓게 펼쳐진 기후는 무엇일까요? (○○),냉대,"냉대, 냉대 기후, 타이가",ㄴㄷ,러시아 시베리아와 캐나다 등 겨울이 매우 춥고 침엽수림이 가득한 기후입니다.
기후 카드 미션,c7,7. 한대 (이글루/얼음집),기후/문화,세계 기후,위 사진의 이글루가 주로 발달한 기후는 무엇일까요? (○○),한대,"한대, 한대 기후, 툰드라 기후, 툰드라",ㅎㄷ,북극이나 남극 주변처럼 1년 내내 영하의 기온으로 얼음과 눈이 가득한 기후입니다.
기후 카드 미션,c8,8. 고산 (상춘 기후 도시),기후/문화,세계 기후,위 사진처럼 높은 산지에 대도시가 형성된 기후는 무엇일까요? (○○),고산,"고산, 고산 기후, 상춘 기후",ㄱㅅ,"해발 3,000m 이상의 높은 산지에 위치하여 1년 내내 봄 날씨가 이어지는 기후입니다."
지형 카드 미션,t1,1. 산 (마터호른/혼),지형/경관,세계 지형,위 사진이 나타내는 지형은 무엇일까요? (○),산,"산, 산지, 높은 산, 혼, 호른",ㅅ,"주변보다 높이 솟아오른 험준한 지형으로, 봉우리가 뾰족합니다."
지형 카드 미션,t2,2. 고원 (대협곡/평탄지),지형/경관,세계 지형,위 사진이 나타내는 지형은 무엇일까요? (○○),고원,"고원, 고원지대, 고원 지대, 대협곡",ㄱㅇ,높은 산지에 위치하지만 위쪽이 평평하게 펼쳐진 지형입니다.
지형 카드 미션,t3,3. 화산 (용암 분출),지형/경관,세계 지형,위 사진이 나타내는 지형은 무엇일까요? (○○),화산,"화산, 화산 지형, 화산지형, 용암",ㅎㅅ,지구 내부의 뜨거운 마그마와 용암이 뿜어져 나와 만들어진 산입니다.
지형 카드 미션,t4,4. 강 (하천 곡류/평야),지형/경관,세계 지형,위 사진이 나타내는 지형은 무엇일까요? (○),강,"강, 하천, 강물, 곡류",ㄱ,육지 위를 흘러 바다나 호수로 들어가는 물줄기입니다.
지형 카드 미션,t5,5. 갯벌 (해안 조간대),지형/경관,세계 지형,위 사진이 나타내는 지형은 무엇일까요? (○○),갯벌,"갯벌, 조간대, 갯벌 해안",ㄱㅂ,바닷물이 빠져나갔을 때 드러나는 질퍽한 펄 바닥입니다.
지형 카드 미션,t6,6. 사막 (사구/모래언덕),지형/경관,세계 지형,위 사진이 나타내는 지형은 무엇일까요? (○○),사막,"사막, 사구, 모래언덕, 모래 언덕, 바르한",ㅅㅁ,비가 매우 적게 내리고 끝없이 모래와 자갈이 펼쳐진 건조 지형입니다.
지형 카드 미션,t7,7. 초원 (대평원),지형/경관,세계 지형,위 사진이 나타내는 지형은 무엇일까요? (○○),초원,"초원, 대평원, 평원, 스텝, 사바나",ㅊㅇ,나무 대신 푸른 풀이 끝없이 펼쳐져 동물들이 풀을 뜯는 땅입니다.
지형 카드 미션,t8,8. 빙하 (빙벽/빙설),지형/경관,세계 지형,위 사진이 나타내는 지형은 무엇일까요? (○○),빙하,"빙하, 빙벽, 빙설, 빙하 지형",ㅂㅎ,눈이 단단하게 굳어져 큰 덩어리가 되어 천천히 흘러내리는 얼음 지형입니다.
